cliente_id,tipo_piel,tono_base,ciudad
CLIENTE_001,Grasa,N150,Manizales
CLIENTE_002,Grasa,,Manizales
CLIENTE_003,Grasa,C220,Manizales
CLIENTE_004,Grasa,W160,Manizales
CLIENTE_005,Combinada,,Manizales
CLIENTE_006,Grasa,N150,Manizales
CLIENTE_007,Seca,N150,Manizales
CLIENTE_008,__,N150,Manizales
CLIENTE_009,Combinada,N190,Pensilvania
CLIENTE_010,Combinada,W180,Manizales
CLIENTE_011,Combinada,N150 Bronze,Manizales
CLIENTE_012,Combinada,W180,Manizales
CLIENTE_013,Combinada,,Manizales
CLIENTE_014,Combinada,N150,Manizales
CLIENTE_015,Grasa,W180,Manizales
CLIENTE_016,Combinada,N150,Manizales
CLIENTE_017,Combinada,,Manizales
CLIENTE_018,Combinada,N150,Manizales
CLIENTE_019,Combinada,W160,Manizales
CLIENTE_020,,N200,Manizales
CLIENTE_021,Combinada,,Manizales
CLIENTE_022,Combinada,W180,Manizales
CLIENTE_023,Combinada,W160,Manizales
CLIENTE_024,Combinada,W160,Manizales
CLIENTE_025,__,,Manizales
CLIENTE_026,Combinada,W160,Manizales
CLIENTE_027,Combinada,N150,Manizales
CLIENTE_028,Combinada,,Manizales
CLIENTE_029,Grasa,N200,Manizales
CLIENTE_030,Seca,W180,Manizales
CLIENTE_031,Seca,,Manizales
CLIENTE_032,Combinada,,Manizales
CLIENTE_033,Normal,C220,Manizales
CLIENTE_034,,,Manizales
CLIENTE_035,,,Manizales
CLIENTE_036,Normal,,Manizales
CLIENTE_037,Combinada,N150,Manizales
CLIENTE_038,Combinada,N150,Manizales
CLIENTE_039,Combinada,100,Manizales
CLIENTE_040,Normal,W180,Manizales
CLIENTE_041,Combinada,W180,Manizales
CLIENTE_042,,W150,Manizales
CLIENTE_043,Combinada,,Manizales
CLIENTE_044,Grasa,W180,Manizales
CLIENTE_045,Combinada,,Manizales
CLIENTE_046,Seca,N150,Manizales
CLIENTE_047,Combinada,,Manizales
CLIENTE_048,Combinada,W160,Manizales
CLIENTE_049,Combinada,W180,Manizales
CLIENTE_050,Combinada,,Manizales
CLIENTE_051,,N150,Manizales
CLIENTE_052,,N150,Manizales
CLIENTE_053,Grasa,N150,Manizales
CLIENTE_054,,W180,Manizales
CLIENTE_055,Seca,,Manizales
CLIENTE_056,Combinada,,Manizales
CLIENTE_057,Combinada,N200,Manizales
CLIENTE_058,Normal,W180,Manizales
CLIENTE_059,,W160,Manizales
CLIENTE_060,Combinada,N150,Manizales
CLIENTE_061,Combinada,C220,Manizales
CLIENTE_062,Combinada,W160,Manizales
CLIENTE_063,Grasa,W150,Manizales
CLIENTE_064,Seca,N150,Manizales
CLIENTE_065,Seca,N200,Manizales
CLIENTE_066,Grasa,,Manizales
CLIENTE_067,Combinada,W180,Manizales
CLIENTE_068,,W160,Manizales
CLIENTE_069,Seca,N150,Manizales
CLIENTE_070,Seca,,Manizales
CLIENTE_071,,N150,Manizales
CLIENTE_072,,,Manizales
CLIENTE_073,Combinada,,Manizales
CLIENTE_074,Combinada,N150,Manizales
CLIENTE_075,Combinada,,Manizales
CLIENTE_076,Combinada,W160,Manizales
CLIENTE_077,Seca,,Manizales
CLIENTE_078,Grasa,W180,Manizales
CLIENTE_079,Grasa,W160,Manizales
CLIENTE_080,Grasa,N200,Manizales
CLIENTE_081,Grasa,W180,Manizales
CLIENTE_082,Normal,N150,Manizales
CLIENTE_083,Seca,W120,Manizales
CLIENTE_084,,W180,Manizales
CLIENTE_085,Grasa,W180,Manizales
CLIENTE_086,,,Manizales
CLIENTE_087,Combinada,N150,Manizales
CLIENTE_088,,W180,Manizales
CLIENTE_089,Combinada,W180,Manizales
CLIENTE_090,,N150,Manizales
CLIENTE_091,,,Manizales
CLIENTE_092,Grasa,   ,Manizales
CLIENTE_093,,,Manizales
CLIENTE_094,Combinada,W160,Manizales
CLIENTE_095,Normal,N150,Manizales
CLIENTE_096,Normal,W150,Manizales
CLIENTE_097,,W180,Manizales
CLIENTE_098,Grasa,__,Manizales
CLIENTE_099,Grasa,W160,Manizales
CLIENTE_100,Grasa,W180,Manizales
CLIENTE_101,Combinada,W160,Manizales
CLIENTE_102,Grasa,N150,Manizales
CLIENTE_103,Combinada,,Manizales
CLIENTE_104,Combinada,,Manizales
CLIENTE_105,Grasa,W180,Manizales
CLIENTE_106,Combinada,,Manizales
CLIENTE_107,,,Manizales
CLIENTE_108,Normal,N150,Manizales
CLIENTE_109,Combinada,W180,Manizales
CLIENTE_110,,W120,Manizales
CLIENTE_111,Combinada,W180,Manizales
CLIENTE_112,Seca,N150,Manizales
CLIENTE_113,Combinada,N200,Manizales
CLIENTE_114,,W180,Manizales
CLIENTE_115,,W150,Manizales
CLIENTE_116,Seca,N150,Manizales
CLIENTE_117,Grasa,N150,Manizales
CLIENTE_118,Grasa,,Manizales
CLIENTE_119,,,Manizales
CLIENTE_120,Combinada,W180,Manizales
CLIENTE_121,Combinada,W180,Manizales
CLIENTE_122,Combinada,W150,Manizales
CLIENTE_123,Combinada,W120,Manizales
CLIENTE_124,Grasa,N150,Manizales
CLIENTE_125,,W180,Manizales
CLIENTE_126,Combinada,W180,Manizales
CLIENTE_127,Combinada,,Manizales
CLIENTE_128,Grasa,W160,Manizales
CLIENTE_129,Normal,,Manizales
CLIENTE_130,Grasa,N200,Manizales
CLIENTE_131,,,Manizales
CLIENTE_132,,W180,Manizales
CLIENTE_133,,,Manizales
CLIENTE_134,,W160,Manizales
CLIENTE_135,,N150,Manizales
CLIENTE_136,Seca,W160,Manizales
CLIENTE_137,,W160,Manizales
CLIENTE_138,Combinada,C220,Manizales
CLIENTE_139,Combinada,W180,Manizales
CLIENTE_140,Combinada,N150,Manizales
CLIENTE_141,Normal,N150,Manizales
CLIENTE_142,Normal,W180,Manizales
CLIENTE_143,,,Manizales
CLIENTE_144,Grasa,N150,Manizales
CLIENTE_145,Combinada,,Manizales
CLIENTE_146,Normal,C220,Manizales
CLIENTE_147,Seca,N200,Manizales
CLIENTE_148,,,Manizales
CLIENTE_149,Grasa,,Manizales
CLIENTE_150,Combinada,,Manizales
CLIENTE_151,Seca,N150,Manizales
CLIENTE_152,,W180,Manizales
CLIENTE_153,,W180,Manizales
CLIENTE_154,Combinada,,Manizales
CLIENTE_155,Seca,W180,Manizales
CLIENTE_156,Grasa,,Manizales
CLIENTE_157,Combinada,W160,Manizales
CLIENTE_158,Grasa,W160,Manizales
CLIENTE_159,Normal,W160,Manizales
CLIENTE_160,,W160,Manizales
CLIENTE_161,Grasa,W180,Manizales
CLIENTE_162,Combinada,W150,Manizales
CLIENTE_163,Grasa,N190,Manizales
CLIENTE_164,Combinada,W160,Manizales
CLIENTE_165,Combinada,W180,Manizales
CLIENTE_166,Normal,,Manizales
CLIENTE_167,Grasa,N150,Manizales
CLIENTE_168,Grasa,N150,Manizales
CLIENTE_169,Grasa,W180,Manizales
CLIENTE_170,Grasa,W180,Manizales
CLIENTE_171,Normal,N200,Manizales
CLIENTE_172,Grasa,W160,Manizales
CLIENTE_173,Grasa,N200,Manizales
CLIENTE_174,,,Manizales
CLIENTE_175,Normal,,Manizales
CLIENTE_176,Grasa,C220,Manizales
CLIENTE_177,,,Manizales
CLIENTE_178,,W180,Manizales
CLIENTE_179,Grasa,N150,Manizales
CLIENTE_180,Seca,N150,Manizales
CLIENTE_181,,W180,Manizales
CLIENTE_182,Combinada,W160,Manizales
CLIENTE_183,,W180,Manizales
CLIENTE_184,Combinada,N200,Manizales
CLIENTE_185,Combinada,N150,Manizales
CLIENTE_186,Grasa,,Manizales
CLIENTE_187,Grasa,W180,Manizales
CLIENTE_188,Seca,,Manizales
CLIENTE_189,Normal,W150,Manizales
CLIENTE_190,,N150,Manizales
CLIENTE_191,,N150,Manizales
CLIENTE_192,Grasa,W160,Manizales
CLIENTE_193,Grasa,,Manizales
CLIENTE_194,Normal,,Manizales
CLIENTE_195,Grasa,,Manizales
CLIENTE_196,,,Manizales
CLIENTE_197,,W180,Manizales
CLIENTE_198,,N150,Manizales
CLIENTE_199,Seca,,Manizales
CLIENTE_200,Seca,N150,Manizales
CLIENTE_201,Normal,W160,Manizales
CLIENTE_202,Normal,W180,Manizales
CLIENTE_203,Grasa,W180,Manizales
CLIENTE_204,Grasa,W150 B,Manizales
CLIENTE_205,,W180,Manizales
CLIENTE_206,,,Manizales
CLIENTE_207,,,Manizales
CLIENTE_208,Grasa,N150,Manizales
CLIENTE_209,Normal,,Manizales
CLIENTE_210,Grasa,w180,Manizales
CLIENTE_211,Normal,N200,Manizales
CLIENTE_212,Grasa,W180,Manizales
CLIENTE_213,Combinada,W180,Manizales
CLIENTE_214,Grasa,W180,Manizales
CLIENTE_215,Normal,,Manizales
CLIENTE_216,Combinada,W180,Manizales
CLIENTE_217,Grasa,W160,Manizales
CLIENTE_218,Seca,,Manizales
CLIENTE_219,,,Manizales
CLIENTE_220,,W150,Manizales
CLIENTE_221,Grasa,W180,Manizales
CLIENTE_222,Grasa,W160,Manizales
CLIENTE_223,Combinada,,Manizales
CLIENTE_224,Combinada,W180,Manizales
CLIENTE_225,Grasa,W160,Manizales
CLIENTE_226,Normal,N200,Manizales
CLIENTE_227,Normal,W160,Manizales
CLIENTE_228,,,Manizales
CLIENTE_229,Grasa,,Manizales
CLIENTE_230,Grasa,W150,Manizales
CLIENTE_231,,W180,Manizales
CLIENTE_232,Grasa,,Manizales
CLIENTE_233,Normal,N150,Manizales
CLIENTE_234,,,Manizales
CLIENTE_235,Grasa,,Manizales
CLIENTE_236,,N150,Manizales
CLIENTE_237,Combinada,,Manizales
CLIENTE_238,Normal,N150,Manizales
CLIENTE_239,Seca,W180,Manizales
CLIENTE_240,Seca,W180,Manizales
CLIENTE_241,Grasa,N150,Manizales
CLIENTE_242,Grasa,N150,Manizales
CLIENTE_243,Combinada,W180,Manizales
CLIENTE_244,,N150,Manizales
CLIENTE_245,,N150,Manizales
CLIENTE_246,,,Manizales
CLIENTE_247,Combinada,W150,Manizales
CLIENTE_248,,,Manizales
CLIENTE_249,Combinada,W150,Manizales
CLIENTE_250,Normal,N150,Manizales
CLIENTE_251,Combinada,N190,Manizales
CLIENTE_252,Grasa,,Manizales
CLIENTE_253,Normal,W180,Manizales
CLIENTE_254,Normal,N150,Manizales
CLIENTE_255,Grasa,W180,Manizales
CLIENTE_256,Seca,W180,Manizales
CLIENTE_257,,W160,Manizales
CLIENTE_258,,W150,Manizales
CLIENTE_259,,,Manizales
CLIENTE_260,Grasa,N200,Manizales
CLIENTE_261,Seca,N150,Manizales
CLIENTE_262,Normal,,Manizales
CLIENTE_263,Grasa,N200,Manizales
CLIENTE_264,Seca,,Manizales
CLIENTE_265,,W180,Manizales
CLIENTE_266,Combinada,W180,Manizales
CLIENTE_267,,W180,Manizales
CLIENTE_268,,W180,Manizales
CLIENTE_269,Combinada,N150,Manizales
CLIENTE_270,Normal,W180,Manizales
CLIENTE_271,Seca,N150,Manizales
CLIENTE_272,,N150,Manizales
CLIENTE_273,Normal,,Manizales
CLIENTE_274,Combinada,N150,Manizales
CLIENTE_275,Grasa,W160,Manizales
CLIENTE_276,,,Manizales
CLIENTE_277,Seca,N200,Manizales
CLIENTE_278,Combinada,W160,Manizales
CLIENTE_279,Normal,,Manizales
CLIENTE_280,,,Manizales
CLIENTE_281,,,
CLIENTE_282,Seca,,Marquetalia
CLIENTE_283,Combinada,N210,Manizales
CLIENTE_284,Combinada,,Manizales
CLIENTE_285,Normal,,Manizales
CLIENTE_286,Grasa,N150,Manizales
CLIENTE_287,,N150,Manizales
CLIENTE_288,Combinada,W160,Manizales
CLIENTE_289,Normal,N150,Manizales
CLIENTE_290,Combinada,n150,Manizales
CLIENTE_291,Normal,W180,Pensilvania
CLIENTE_292,Combinada,,Pensilvania
CLIENTE_293,Combinada,C220,Pensilvania
CLIENTE_294,Combinada,W160,Pensilvania
CLIENTE_295,Combinada,,Pensilvania
CLIENTE_296,Combinada,W180,Pensilvania
CLIENTE_297,Normal,W180,Pensilvania
CLIENTE_298,Combinada,W180,Pensilvania
CLIENTE_299,Combinada,N150,Pensilvania
CLIENTE_300,,,Pensilvania
CLIENTE_301,Combinada,,Pensilvania
CLIENTE_302,Normal,W180,Pensilvania
CLIENTE_303,Combinada,,Pensilvania
CLIENTE_304,Normal,W150,Pensilvania
CLIENTE_305,Combinada,W150,Pensilvania
CLIENTE_306,Combinada,W180,Pensilvania
CLIENTE_307,Combinada,N150,Pensilvania
CLIENTE_308,Normal,C220,Manizales
CLIENTE_309,Seca,N150,Manizales
CLIENTE_310,Grasa,W120,Manizales
CLIENTE_311,Combinada,W160,Manizales
CLIENTE_312,Normal,N150,Manizales
CLIENTE_313,Combinada,W180,Manizales
CLIENTE_314,Combinada,N150,Manizales
CLIENTE_315,Combinada,N200,Manizales
CLIENTE_316,Combinada,N210,Manizales
CLIENTE_317,Normal,C220,Pensilvania
CLIENTE_318,Combinada,,Pensilvania
CLIENTE_319,Combinada,,Manizales
CLIENTE_320,Combinada,,Manizales
CLIENTE_321,Normal,W180,Manizales
CLIENTE_322,Grasa,N210,Manizales
CLIENTE_323,Normal,N150,Manizales
CLIENTE_324,Grasa,N210,Manizales
CLIENTE_325,,N150,Manizales
CLIENTE_326,Combinada,W150,Manizales
CLIENTE_327,Combinada,W180,Manizales
CLIENTE_328,Normal,N200,Filadelfia
CLIENTE_329,Normal,,Filadelfia
CLIENTE_330,Normal,N200,Manizales
